"English";"Deutsch";"Franzözisch";"H";"C";"L"
"white";"weiss";"blanc";"94";"0";"100"
"aliceblue";"aliceblau";"bleu alice";"233";"8";"97"
"antiquewhite";"antikweiss";"blanc antique";"59";"20";"94"
"aquamarine";"aquamarin";"aigue-marine";"158";"60";"92"
"azure";"azurblau";"azur";"192";"8";"99"
"beige";"beige";"beige";"86";"19";"96"
"bisque";"biskuit";"bisque";"55";"32";"92"
"black";"schwarz";"noir";"180";"0";"0"
"blanchedalmond";"gebleichte mandel";"amande blanchie";"61";"28";"94"
"blue";"blau";"bleu";"266";"131";"32"
"blueviolet";"blauviolett";"bleu-violet";"279";"115";"42"
"brown";"braun";"marron";"12";"94";"38"
"burlywood";"burlywood";"bois de burl";"54";"48";"77"
"cadetblue";"kadettenblau";"bleu cadet";"195";"30";"61"
"chartreuse";"chartreuse";"chartreuse";"120";"123";"90"
"chocolate";"schokolade";"chocolat";"29";"99";"56"
"coral";"koralle";"corail";"24";"110";"67"
"cornflowerblue";"kornblumenblau";"bleu barbeau";"254";"83";"62"
"cornsilk";"maisflaum";"soie de mais";"75";"22";"97"
"cyan";"cyan";"cyan";"192";"72";"91"
"darkblue";"dunkelblau";"bleu fonce";"266";"60";"15"
"darkcyan";"dunkelcyan";"cyan fonce";"192";"41";"52"
"darkgoldenrod";"dunkelgoldgelb";"jaune d'or fonce";"55";"73";"59"
"darkgray";"dunkelgrau";"gris fonce";"94";"0";"69"
"darkgreen";"dunkelgrau";"vert fonce";"128";"56";"36"
"darkgrey";"dunkelgrün";"gris fonce";"94";"0";"69"
"darkkhaki";"dunkelgrau";"kaki fonce";"82";"52";"73"
"darkmagenta";"dunkelkhaki";"magenta fonce";"308";"74";"33"
"darkolivegreen";"dunkelmagenta";"vert olive fonce";"106";"38";"42"
"darkorange";"dunkelolivgrün";"orange fonce";"34";"116";"69"
"darkorchid";"dunkelorange";"orchidee foncee";"288";"99";"43"
"darkred";"dunkelorchidee";"rouge fonce";"12";"94";"28"
"darksalmon";"dunkelrot";"saumon fonce";"27";"67";"70"
"darkseagreen";"dunkellachs";"vert d'eau fonce";"128";"37";"72"
"darkslateblue";"dunkelmeeresgrün";"bleu ardoise fonce";"269";"58";"31"
"darkslategray";"dunkelschieferblau";"gris ardoise fonce";"192";"14";"31"
"darkslategrey";"dunkelschiefergrau";"gris ardoise fonce";"192";"14";"31"
"darkturquoise";"dunkelgrau";"turquoise fonce";"195";"60";"75"
"darkviolet";"dunkel türkis";"violet fonce";"285";"110";"40"
"deeppink";"dunkelviolett";"rose profond";"350";"134";"56"
"deepskyblue";"tiefrosa";"bleu ciel profond";"234";"83";"73"
"dimgray";"tiefhimmelblau";"gris terne";"94";"0";"44"
"dimgrey";"dunkelgrau";"gris terne";"94";"0";"44"
"dodgerblue";"dodgerblau";"bleu dodger";"252";"107";"59"
"firebrick";"ziegelrot";"brique";"12";"110";"39"
"floralwhite";"blumenweiss";"blanc floral";"67";"9";"98"
"forestgreen";"waldgrün";"vert foret";"128";"70";"51"
"gainsboro";"gainsborough";"gainsboro";"94";"0";"88"
"ghostwhite";"geisterweiss";"blanc fantome";"266";"5";"98"
"gold";"gold";"or";"69";"99";"87"
"goldenrod";"goldgelb";"jaune d'or";"58";"83";"71"
"gray";"grau";"gris";"94";"0";"77"
"green";"grün";"vert";"128";"136";"88"
"greenyellow";"grüngelb";"vert-jaune";"112";"111";"92"
"grey";"grau";"gris";"94";"0";"77"
"honeydew";"honigtau";"miel";"128";"12";"99"
"hotpink";"pink";"rose vif";"343";"95";"65"
"indianred";"indischrot";"rouge indien";"12";"85";"53"
"ivory";"elfenbein";"ivoire";"86";"11";"100"
"khaki";"khaki";"kaki";"80";"62";"90"
"lavender";"lavendel";"lavande";"266";"16";"92"
"lavenderblush";"lavendelrosa";"rose lavande";"347";"9";"96"
"lawngreen";"rasengrün";"vert pelouse";"120";"122";"89"
"lemonchiffon";"zitronenchiffon";"chiffon citron";"81";"34";"98"
"lightblue";"hellblau";"bleu clair";"216";"28";"84"
"lightcoral";"hellkoralle";"corail clair";"12";"82";"66"
"lightcyan";"hellcyan";"cyan clair";"192";"17";"98"
"lightgoldenrod";"hellgoldgelb";"jaune d'or clair";"76";"63";"88"
"lightgoldenrodyellow";"hellgoldgelb";"jaune d'or clair";"86";"30";"97"
"lightgray";"hellgrau";"gris clair";"94";"0";"85"
"lightgreen";"hellgrün";"vert clair";"128";"74";"87"
"lightgrey";"hellgrau";"gris clair";"94";"0";"85"
"lightpink";"hellrosa";"rose clair";"3";"46";"81"
"lightsalmon";"helllachs";"saumon clair";"28";"80";"75"
"lightseagreen";"helles seegrün";"vert-mer clair";"184";"50";"66"
"lightskyblue";"helles himmelblau";"bleu-ciel clair";"233";"55";"80"
"lightslateblue";"schieferblau";"bleu ardoise clair";"269";"112";"56"
"lightslategray";"schiefergrau";"gris ardoise clair";"239";"19";"56"
"lightslategrey";"schiefergrau";"gris acier clair";"239";"19";"56"
"lightsteelblue";"stahlblau";"bleu acier clair";"243";"26";"78"
"lightyellow";"hellgelb";"jaune clair";"86";"23";"99"
"limegreen";"limettengrün";"vert citron";"128";"103";"73"
"linen";"leinen";"lin";"54";"11";"95"
"magenta";"magenta";"magenta";"308";"137";"60"
"maroon";"kastanienbraun";"marron";"355";"82";"42"
"mediumaquamarine";"mittleres aquamarin";"aigue-marine moyen";"158";"49";"76"
"mediumblue";"mittleres blau";"bleu moyen";"266";"101";"25"
"mediumorchid";"mittlere orchidee";"orchidee moyen";"297";"90";"54"
"mediumpurple";"mittleres violett";"violet moyen";"276";"83";"55"
"mediumseagreen";"mittleres seegrün";"vert-mer moyen";"141";"64";"65"
"mediumslateblue";"mittleres schieferblau";"bleu ardoise moyen";"269";"105";"52"
"mediumspringgreen";"mittleres frühlingsgrün";"vert printemps moyen";"143";"95";"87"
"mediumturquoise";"mittleres türkis";"turquoise moyen";"188";"53";"77"
"mediumvioletred";"mittelviolettrot";"rouge-violet moyen";"340";"98";"45"
"midnightblue";"mitternachtsblau";"bleu nuit";"266";"49";"16"
"mintcream";"minzcreme";"creme menthe";"153";"6";"99"
"mistyrose";"nebelrosa";"rose brumeux";"19";"17";"93"
"moccasin";"mokassin";"mocassin";"62";"42";"92"
"navajowhite";"navajo-weiss";"blanc navajo";"58";"45";"90"
"navy";"marineblau";"bleu marine";"266";"52";"13"
"navyblue";"marineblau";"bleu marine";"266";"52";"13"
"oldlace";"old lace";"dentelle vieillie";"66";"13";"97"
"olivedrab";"olivgrau";"vert olive terne";"107";"60";"55"
"orange";"orange";"orange";"45";"105";"75"
"orangered";"orangerot";"orange rouge";"17";"158";"58"
"orchid";"orchidee";"orchidee";"310";"80";"63"
"palegoldenrod";"hellgoldgelb";"jaune d'or pale";"81";"45";"91"
"palegreen";"hellgrün";"vert pale";"128";"78";"91"
"paleturquoise";"helltürkis";"turquoise pale";"192";"32";"90"
"palevioletred";"hellviolettrot";"rouge violet pale";"353";"69";"61"
"papayawhip";"papaya-whip";"papaye fouettee";"63";"24";"95"
"peachpuff";"pfirsich-puff";"peche duveteuse";"49";"38";"89"
"peru";"peru";"perou";"40";"75";"62"
"pink";"rosa";"rose";"1";"39";"84"
"plum";"pflaume";"prune";"308";"50";"73"
"powderblue";"puderblau";"bleu poudre";"202";"26";"86"
"purple";"violett";"violet";"283";"123";"45"
"red";"rot";"rouge";"12";"179";"53"
"rosybrown";"rosig-braun";"brun rose";"12";"29";"64"
"royalblue";"königsblau";"bleu royal";"260";"103";"48"
"saddlebrown";"sattelbraun";"brun selle";"30";"64";"37"
"salmon";"lachs";"saumon";"17";"95";"67"
"sandybrown";"sandbraun";"brun sable";"40";"81";"74"
"seagreen";"meergrün";"vert d'eau";"141";"50";"52"
"seashell";"muschel";"coquillage";"47";"9";"97"
"sienna";"sienna";"terre de sienne";"27";"68";"44"
"skyblue";"himmelblau";"bleu ciel";"223";"46";"79"
"slateblue";"schieferblau";"bleu ardoise";"269";"90";"45"
"slategray";"schiefergrau";"gris ardoise";"239";"17";"53"
"slategrey";"schiefergrau";"gris ardoise";"239";"17";"53"
"snow";"schnee";"neige";"12";"3";"99"
"springgreen";"frühlingsgrün";"vert printemps";"137";"110";"88"
"steelblue";"stahlblau";"bleu acier";"243";"54";"52"
"tan";"hellbraun";"beige";"56";"39";"75"
"thistle";"distel";"chardon";"308";"21";"80"
"tomato";"tomatenrot";"tomate";"17";"129";"62"
"turquoise";"türkis";"turquoise";"179";"59";"81"
"violet";"violett";"violet";"308";"85";"70"
"violetred";"violettrot";"rouge-violet";"339";"100";"48"
"wheat";"weizen";"ble";"64";"38";"89"
"whitesmoke";"rauchweiss";"blanc fume";"94";"0";"97"
"yellow";"gelb";"jaune";"86";"107";"97"
"yellowgreen";"gelbgrün";"jaune-vert";"107";"86";"77"
